"0","plot_model_predictions_ocs(offset_dir = ""neg"", hpd_area = ""accuracy_95"","
"0","                           model_name = ""comb_acc"","
"0","                           variable = ""offset_magnitude"","
"0","                           range = c(-50, 0), rounding = 2.5,"
"0","                           xlab = ""Offset magnitude"")"
"2","[1mRows: [22m[34m10000[39m [1mColumns: [22m[34m12[39m"
"2","[36mâ”€â”€[39m [1mColumn specification[22m [36mâ”€â”€â”€â”€â”€â”€â”€â”€â”€â”€â”€â”€â”€â”€â”€â”€â”€â”€â”€â”€â”€â”€â”€â”€â”€â”€â”€â”€â”€â”€â”€â”€â”€â”€â”€â”€â”€â”€â”€â”€â”€â”€â”€â”€â”€â”€â”€â”€â”€â”€â”€â”€â”€â”€â”€â”€â”€â”€â”€â”€â”€â”€â”€â”€â”€â”€â”€â”€â”€â”€â”€â”€â”€â”€â”€â”€â”€â”€â”€â”€â”€â”€â”€â”€â”€â”€â”€â”€â”€â”€â”€â”€â”€â”€â”€â”€â”€â”€â”€â”€â”€â”€â”€â”€â”€â”€â”€â”€â”€â”€â”€â”€â”€â”€â”€â”€â”€â”€â”€â”€â”€â”€â”€â”€â”€â”€â”€â”€â”€â”€â”€â”€â”€â”€â”€â”€â”€â”€â”€â”€â”€â”€â”€â”€â”€â”€â”€[39m
[1mDelimiter:[22m "",""
[32mdbl[39m (12): target_year, curve_uncert, offset_14c_age, measurement_error, offset_magnitude, accuracy_68, accuracy_95, precision_68, precision_95, off_target_68, off_targ..."
"2","
[36mâ„¹[39m Use `spec()` to retrieve the full column specification for this data.
[36mâ„¹[39m Specify the column types or set `show_col_types = FALSE` to quiet this message."
